{
  "53.401000,14.508000": [
    500,
    448.59504672503255,
    500,
    0.0,
    0.0,
    0.0,
    0.0,
    1.0,
    2.0,
    127.0
  ],
  "53.401000,14.515900": [
    500,
    500,
    160.9828011418364,
    0.0,
    0.0,
    0.0,
    0.0,
    1.0,
    0.0,
    26.0
  ],
  "53.401000,14.523800": [
    500,
    500,
    76.81470960091923,
    1.0,
    0.0,
    0.0,
    0.0,
    3.0,
    0.0,
    98.0
  ],
  "53.401000,14.531700": [
    500,
    500,
    60.130497740938466,
    1.0,
    0.0,
    0.0,
    0.0,
    0.0,
    0.0,
    51.0
  ],
  "53.401000,14.539600": [
    500,
    500,
    452.2859166268023,
    0.0,
    0.0,
    0.0,
    0.0,
    0.0,
    0.0,
    16.0
  ],
  "53.401000,14.547500": [
    500,
    500,
    500,
    0.0,
    0.0,
    0.0,
    0.0,
    0.0,
    0.0,
    22.0
  ],
  "53.401000,14.555400": [
    500,
    500,
    342.3536886424062,
    0.0,
    1.0,
    0.0,
    0.0,
    0.0,
    0.0,
    11.0
  ],
  "53.401000,14.563300": [
    500,
    500,
    131.26905160896607,
    0.0,
    1.0,
    0.0,
    0.0,
    0.0,
    0.0,
    4.0
  ],
  "53.401000,14.571200": [
    500,
    500,
    500,
    0.0,
    0.0,
    0.0,
    0.0,
    0.0,
    0.0,
    0.0
  ],
  "53.401000,14.579100": [
    500,
    500,
    500,
    0.0,
    0.0,
    0.0,
    0.0,
    0.0,
    0.0,
    0.0
  ],
  "53.401000,14.587000": [
    500,
    500,
    500,
    0.0,
    0.0,
    0.0,
    0.0,
    0.0,
    0.0,
    0.0
  ],
  "53.405900,14.508000": [
    500,
    122.1632894584455,
    520.8597570399077,
    0.0,
    0.0,
    0.0,
    0.0,
    2.0,
    4.0,
    301.0
  ],
  "53.405900,14.515900": [
    500,
    359.7091247898504,
    5.1497027860198035,
    0.0,
    0.0,
    0.0,
    0.0,
    0.0,
    2.0,
    47.0
  ],
  "53.405900,14.523800": [
    500,
    500,
    529.944363471411,
    1.0,
    0.0,
    0.0,
    0.0,
    4.0,
    2.0,
    139.0
  ],
  "53.405900,14.531700": [
    500,
    500,
    153.07446979856192,
    0.0,
    0.0,
    0.0,
    0.0,
    5.0,
    0.0,
    135.0
  ],
  "53.405900,14.539600": [
    500,
    500,
    323.0278446961002,
    0.0,
    0.0,
    0.0,
    0.0,
    1.0,
    1.0,
    19.0
  ],
  "53.405900,14.547500": [
    500,
    500,
    500,
    0.0,
    0.0,
    0.0,
    0.0,
    0.0,
    0.0,
    17.0
  ],
  "53.405900,14.555400": [
    500,
    500,
    500,
    0.0,
    0.0,
    0.0,
    0.0,
    0.0,
    0.0,
    44.0
  ],
  "53.405900,14.563300": [
    500,
    500,
    500,
    0.0,
    0.0,
    0.0,
    0.0,
    0.0,
    0.0,
    93.0
  ],
  "53.405900,14.571200": [
    500,
    500,
    500,
    0.0,
    0.0,
    0.0,
    0.0,
    0.0,
    0.0,
    32.0
  ],
  "53.405900,14.579100": [
    500,
    500,
    500,
    0.0,
    0.0,
    0.0,
    0.0,
    0.0,
    0.0,
    0.0
  ],
  "53.405900,14.587000": [
    500,
    235.62772648713732,
    500,
    0.0,
    1.0,
    0.0,
    0.0,
    0.0,
    1.0,
    2.0
  ],
  "53.410800,14.508000": [
    500,
    349.90764176974074,
    500,
    0.0,
    0.0,
    0.0,
    0.0,
    0.0,
    1.0,
    257.0
  ],
  "53.410800,14.515900": [
    500,
    83.68684582096411,
    542.933112733796,
    1.0,
    0.0,
    0.0,
    0.0,
    0.0,
    4.0,
    4.0
  ],
  "53.410800,14.523800": [
    500,
    222.36529775140494,
    500,
    3.0,
    0.0,
    1.0,
    0.0,
    3.0,
    2.0,
    61.0
  ],
  "53.410800,14.531700": [
    500,
    543.0136510432671,
    294.1737284699592,
    2.0,
    0.0,
    2.0,
    0.0,
    6.0,
    0.0,
    98.0
  ],
  "53.410800,14.539600": [
    500,
    500,
    395.7069303985866,
    0.0,
    0.0,
    1.0,
    0.0,
    1.0,
    2.0,
    74.0
  ],
  "53.410800,14.547500": [
    500,
    500,
    500,
    0.0,
    0.0,
    0.0,
    0.0,
    0.0,
    2.0,
    18.0
  ],
  "53.410800,14.555400": [
    500,
    500,
    500,
    0.0,
    0.0,
    0.0,
    0.0,
    0.0,
    0.0,
    58.0
  ],
  "53.410800,14.563300": [
    500,
    500,
    500,
    0.0,
    0.0,
    0.0,
    0.0,
    0.0,
    0.0,
    67.0
  ],
  "53.410800,14.571200": [
    500,
    372.2882571294527,
    500,
    0.0,
    0.0,
    0.0,
    0.0,
    0.0,
    2.0,
    12.0
  ],
  "53.410800,14.579100": [
    500,
    86.4962861427859,
    390.1191072287129,
    0.0,
    0.0,
    0.0,
    0.0,
    0.0,
    1.0,
    5.0
  ],
  "53.410800,14.587000": [
    500,
    234.47456954151298,
    136.60852225896667,
    0.0,
    0.0,
    0.0,
    0.0,
    0.0,
    0.0,
    3.0
  ],
  "53.415700,14.508000": [
    500,
    500,
    500,
    0.0,
    0.0,
    0.0,
    0.0,
    0.0,
    0.0,
    12.0
  ],
  "53.415700,14.515900": [
    500,
    500,
    500,
    0.0,
    0.0,
    0.0,
    0.0,
    0.0,
    0.0,
    1.0
  ],
  "53.415700,14.523800": [
    500,
    267.04310044104784,
    500,
    3.0,
    0.0,
    0.0,
    0.0,
    0.0,
    1.0,
    12.0
  ],
  "53.415700,14.531700": [
    500,
    66.27879112939429,
    432.7324207169608,
    1.0,
    0.0,
    9.0,
    0.0,
    4.0,
    0.0,
    70.0
  ],
  "53.415700,14.539600": [
    500,
    528.4228113418617,
    26.223064833692153,
    0.0,
    0.0,
    8.0,
    0.0,
    0.0,
    0.0,
    124.0
  ],
  "53.415700,14.547500": [
    500,
    500,
    297.5424948512012,
    0.0,
    0.0,
    0.0,
    0.0,
    0.0,
    0.0,
    84.0
  ],
  "53.415700,14.555400": [
    500,
    500,
    350.1085026472416,
    0.0,
    0.0,
    0.0,
    0.0,
    1.0,
    0.0,
    16.0
  ],
  "53.415700,14.563300": [
    500,
    319.6281510173556,
    500,
    0.0,
    1.0,
    0.0,
    0.0,
    1.0,
    2.0,
    9.0
  ],
  "53.415700,14.571200": [
    500,
    86.13834317904191,
    500,
    0.0,
    1.0,
    0.0,
    0.0,
    1.0,
    1.0,
    7.0
  ],
  "53.415700,14.579100": [
    500,
    378.545244374497,
    372.54102585647496,
    0.0,
    0.0,
    0.0,
    0.0,
    0.0,
    2.0,
    6.0
  ],
  "53.415700,14.587000": [
    500,
    500,
    380.2804817411031,
    0.0,
    0.0,
    0.0,
    0.0,
    0.0,
    0.0,
    0.0
  ],
  "53.420600,14.508000": [
    500,
    110.69601268055182,
    500,
    0.0,
    0.0,
    0.0,
    0.0,
    0.0,
    1.0,
    36.0
  ],
  "53.420600,14.515900": [
    500,
    54.00096159748193,
    500,
    0.0,
    0.0,
    2.0,
    0.0,
    0.0,
    0.0,
    77.0
  ],
  "53.420600,14.523800": [
    500,
    65.81392294443057,
    524.5443621098801,
    0.0,
    0.0,
    6.0,
    0.0,
    0.0,
    0.0,
    70.0
  ],
  "53.420600,14.531700": [
    500,
    93.9744613844046,
    290.26501613847785,
    1.0,
    0.0,
    14.0,
    1.0,
    6.0,
    0.0,
    85.0
  ],
  "53.420600,14.539600": [
    500,
    120.76901040820475,
    262.7975039496406,
    1.0,
    0.0,
    12.0,
    1.0,
    4.0,
    0.0,
    211.0
  ],
  "53.420600,14.547500": [
    500,
    411.6735294667935,
    424.66726419494813,
    0.0,
    0.0,
    4.0,
    8.0,
    8.0,
    0.0,
    141.0
  ],
  "53.420600,14.555400": [
    500,
    353.5990185634359,
    463.01490182349886,
    0.0,
    0.0,
    3.0,
    7.0,
    21.0,
    0.0,
    118.0
  ],
  "53.420600,14.563300": [
    500,
    18.523022005016912,
    126.55652690560115,
    0.0,
    0.0,
    0.0,
    4.0,
    31.0,
    1.0,
    72.0
  ],
  "53.420600,14.571200": [
    500,
    348.59508002277266,
    500,
    0.0,
    0.0,
    0.0,
    0.0,
    1.0,
    1.0,
    1.0
  ],
  "53.420600,14.579100": [
    500,
    500,
    246.45179340827477,
    0.0,
    0.0,
    0.0,
    0.0,
    0.0,
    1.0,
    1.0
  ],
  "53.420600,14.587000": [
    500,
    500,
    198.6637958183051,
    0.0,
    0.0,
    0.0,
    0.0,
    0.0,
    0.0,
    0.0
  ],
  "53.425400,14.508000": [
    500,
    481.45476885300224,
    68.39942890801447,
    0.0,
    0.0,
    0.0,
    0.0,
    1.0,
    0.0,
    223.0
  ],
  "53.425400,14.515900": [
    500,
    500,
    463.24252434545866,
    0.0,
    0.0,
    3.0,
    0.0,
    0.0,
    0.0,
    76.0
  ],
  "53.425400,14.523800": [
    500,
    478.1032735901304,
    290.32483899458526,
    2.0,
    0.0,
    3.0,
    0.0,
    3.0,
    1.0,
    47.0
  ],