{
  "53.401000,14.508000": [
    31.42606492760868,
    448.59504672503255,
    362.0774984772594,
    500,
    461.62736950502915,
    127.0
  ],
  "53.401000,14.515900": [
    287.93630126642273,
    500,
    500,
    500,
    415.2070916057345,
    26.0
  ],
  "53.401000,14.523800": [
    127.41604184241633,
    500,
    500,
    500,
    193.61532206576723,
    98.0
  ],
  "53.401000,14.531700": [
    56.881125979736744,
    500,
    500,
    500,
    500,
    51.0
  ],
  "53.401000,14.539600": [
    399.07580466506806,
    500,
    500,
    500,
    500,
    16.0
  ],
  "53.401000,14.547500": [
    500,
    500,
    500,
    500,
    500,
    22.0
  ],
  "53.401000,14.555400": [
    112.68940440412563,
    500,
    500,
    500,
    500,
    11.0
  ],
  "53.401000,14.563300": [
    88.20498058601257,
    500,
    500,
    500,
    500,
    4.0
  ],
  "53.401000,14.571200": [
    500,
    500,
    500,
    500,
    500,
    0.0
  ],
  "53.401000,14.579100": [
    500,
    500,
    500,
    500,
    500,
    0.0
  ],
  "53.401000,14.587000": [
    500,
    500,
    500,
    500,
    500,
    0.0
  ],
  "53.405900,14.508000": [
    114.32883345589744,
    122.1632894584455,
    294.2625592926581,
    500,
    163.80865815966422,
    301.0
  ],
  "53.405900,14.515900": [
    93.03499519318541,
    359.7091247898504,
    226.66497968809585,
    500,
    500,
    47.0
  ],
  "53.405900,14.523800": [
    60.26779169847712,
    500,
    500,
    500,
    172.26220251976687,
    139.0
  ],
  "53.405900,14.531700": [
    106.78774178631915,
    500,
    389.65688956081726,
    500,
    242.30210162584646,
    135.0
  ],
  "53.405900,14.539600": [
    24.606485593074545,
    500,
    500,
    500,
    283.87329685431587,
    19.0
  ],
  "53.405900,14.547500": [
    382.9423321978055,
    500,
    500,
    500,
    500,
    17.0
  ],
  "53.405900,14.555400": [
    321.3879030967794,
    500,
    500,
    500,
    500,
    44.0
  ],
  "53.405900,14.563300": [
    182.30114911756817,
    500,
    500,
    500,
    500,
    93.0
  ],
  "53.405900,14.571200": [
    500,
    500,
    500,
    500,
    500,
    32.0
  ],
  "53.405900,14.579100": [
    500,
    500,
    500,
    500,
    500,
    0.0
  ],
  "53.405900,14.587000": [
    314.7571220005164,
    235.62772648713732,
    500,
    500,
    500,
    2.0
  ],
  "53.410800,14.508000": [
    272.24584342496763,
    349.90764176974074,
    500,
    500,
    500,
    257.0
  ],
  "53.410800,14.515900": [
    127.75812554115787,
    83.68684582096411,
    424.9438888254288,
    500,
    500,
    4.0
  ],
  "53.410800,14.523800": [
    140.04230034831843,
    222.36529775140494,
    500,
    500,
    282.693408458183,
    61.0
  ],
  "53.410800,14.531700": [
    134.51539378059877,
    543.0136510432671,
    194.61275808052528,
    500,
    176.76215923604803,
    98.0
  ],
  "53.410800,14.539600": [
    189.62860822429442,
    500,
    459.3309612921072,
    500,
    483.32509599797555,
    74.0
  ],
  "53.410800,14.547500": [
    259.5416357571985,
    500,
    500,
    500,
    500,
    18.0
  ],
  "53.410800,14.555400": [
    491.6662180768752,
    500,
    500,
    500,
    500,
    58.0
  ],
  "53.410800,14.563300": [
    307.0644394991545,
    500,
    500,
    500,
    500,
    67.0
  ],
  "53.410800,14.571200": [
    500,
    372.2882571294527,
    500,
    500,
    500,
    12.0
  ],
  "53.410800,14.579100": [
    495.55042916049683,
    86.4962861427859,
    500,
    500,
    500,
    5.0
  ],
  "53.410800,14.587000": [
    217.70250361389563,
    234.47456954151298,
    500,
    500,
    500,
    3.0
  ],
  "53.415700,14.508000": [
    500,
    500,
    500,
    500,
    500,
    12.0
  ],
  "53.415700,14.515900": [
    528.9157896341916,
    500,
    500,
    500,
    500,
    1.0
  ],
  "53.415700,14.523800": [
    289.50408159126994,
    267.04310044104784,
    500,
    500,
    500,
    12.0
  ],
  "53.415700,14.531700": [
    76.28295506045977,
    66.27879112939429,
    500,
    500,
    249.81306775576877,
    70.0
  ],
  "53.415700,14.539600": [
    57.3122588514399,
    528.4228113418617,
    500,
    500,
    500,
    124.0
  ],
  "53.415700,14.547500": [
    143.2082648094059,
    500,
    471.43230413853126,
    500,
    500,
    84.0
  ],
  "53.415700,14.555400": [
    112.44374826810274,
    500,
    435.6338238983515,
    500,
    486.47069468422023,
    16.0
  ],
  "53.415700,14.563300": [
    137.74102794872493,
    319.6281510173556,
    500,
    500,
    490.6516850485427,
    9.0
  ],
  "53.415700,14.571200": [
    238.83008783735235,
    86.13834317904191,
    500,
    500,
    355.9588432435747,
    7.0
  ],
  "53.415700,14.579100": [
    139.93078713402997,
    378.545244374497,
    500,
    500,
    500,
    6.0
  ],
  "53.415700,14.587000": [
    308.1633524511402,
    500,
    500,
    500,
    500,
    0.0
  ],
  "53.420600,14.508000": [
    17.897504526466832,
    110.69601268055182,
    500,
    500,
    500,
    36.0
  ],
  "53.420600,14.515900": [
    44.63697386246434,
    54.00096159748193,
    500,
    500,
    500,
    77.0
  ],
  "53.420600,14.523800": [
    13.27006036887464,
    65.81392294443057,
    500,
    500,
    500,
    70.0
  ],
  "53.420600,14.531700": [
    43.0705370511776,
    93.9744613844046,
    500,
    500,
    115.95614554591984,
    85.0
  ],
  "53.420600,14.539600": [
    21.97325244646706,
    120.76901040820475,
    500,
    500,
    26.18858730892085,
    211.0
  ],
  "53.420600,14.547500": [
    77.57763789730814,
    411.6735294667935,
    266.6866977547872,
    500,
    253.14350433939504,
    141.0
  ],
  "53.420600,14.555400": [
    93.61890209913182,
    353.5990185634359,
    289.6760034387209,
    500,
    114.11551889289687,
    118.0
  ],
  "53.420600,14.563300": [
    46.605149251092556,
    18.523022005016912,
    429.34641875361217,
    500,
    255.75574341401696,
    72.0
  ],
  "53.420600,14.571200": [
    244.94783066690306,
    348.59508002277266,
    500,
    500,
    272.2487377819245,
    1.0
  ],
  "53.420600,14.579100": [
    133.17490628365223,
    500,
    500,
    500,
    500,
    1.0
  ],
  "53.420600,14.587000": [
    303.4419740140948,
    500,
    500,
    500,
    500,
    0.0
  ],
  "53.425400,14.508000": [
    230.01109491798167,
    481.45476885300224,
    500,
    500,
    388.06473585824324,
    223.0
  ],
  "53.425400,14.515900": [
    247.5636582827948,
    500,
    500,
    500,
    500,
    76.0
  ],
  "53.425400,14.523800": [
    98.02264746405672,
    478.1032735901304,
    500,
    500,
    385.82300330796,
    47.0
  ],
  "53.425400,14.531700": [
    104.1212512552367,
    397.4558536154184,
    500,
    500,
    133.28934654397216,
    252.0
  ],
  "53.425400,14.539600": [
    12.169491717035664,
    312.09648268095606,
    379.0009473851343,
    500,
    177.42077348713445,
    591.0
  ],
  "53.425400,14.547500": [
    17.135442521954264,
    45.42328024523974,
    232.39964155147038,
    500,
    130.92430546079137,
    457.0
  ],
  "53.425400,14.555400": [
    40.116560711771925,
    132.10154063909084,
    261.03597046097025,
    500,
    85.77217608345512,
    290.0
  ],
  "53.425400,14.563300": [
    50.833566548180116,
    378.2386935886676,
    199.94938333130972,
    500,
    115.45054877662123,
    167.0
  ],
  "53.425400,14.571200": [
    138.89383166512266,
    500,
    397.52708188537775,
    500,
    387.38686407955976,
    0.0
  ],
  "53.425400,14.579100": [
    250.8606967862293,
    500,
    500,
    500,
    500,
    0.0
  ],
  "53.425400,14.587000": [
    253.0167362611917,
    500,
    500,
    500,
    500,
    0.0
  ],
  "53.430300,14.508000": [
    13.35376990260954,
    500,
    252.62823322712663,
    500,
    275.76553185038705,
    342.0
  ],
  "53.430300,14.515900": [
    102.08491553180127,
    500,
    500,
    500,
    69.02716301920476,
    98.0
  ],